Operator Id,Operator Name,B2B Commission BELOW 5K,B2B Commission ABOVE 5K,Category,BBPS Enabled,Commission Type,
1,Airtel Prepaid,₹ 0.66,₹ 0.66,Mobile Prepaid,,FALSE,Percentage
5,BSNL Prepaid,₹ 0.00,₹ 0.00,Mobile Prepaid,,FALSE,Zero
91,MTNL Delhi Prepaid,₹ 2.20,₹ 2.20,Mobile Prepaid,,FALSE,Percentage
16,Dish TV,₹ 0.99,₹ 0.99,DTH Recharge,TRUE,Fixed,
20,Tata Sky,₹ 0.99,₹ 0.99,DTH Recharge,TRUE,Fixed,
95,Videocon D2H,₹ 0.99,₹ 0.99,DTH Recharge,TRUE,Fixed,
22,Sun Direct,₹ 0.99,₹ 0.99,DTH Recharge,TRUE,Fixed,
21,Airtel DTH,₹ 0.99,₹ 0.99,DTH Recharge,TRUE,Fixed,
28,Airtel Landline,₹ 0.99,₹ 0.99,Landline,TRUE,Fixed,
29,Airtel Postpaid,₹ 0.99,₹ 0.99,Mobile Postpaid,TRUE,Fixed,
31,Reliance Energy_Mumbai,₹ 1.65,₹ 1.65,Electricity Bill,,TRUE,Fixed
22,BSES Rajdhani,₹ 1.65,₹ 1.65,Electricity Bill,,TRUE,Fixed
23,BSES Yamuna,₹ 1.65,₹ 1.65,Electricity Bill,TRUE,Fixed,
34,BSNL Cellone,₹ 0.99,₹ 0.99,Mobile Postpaid,TRUE,Fixed,
37,ICICI Prudential Life Insurance,₹ 2.40,₹ 5.17,Insurance,TRUE,Fixed,
28,Mahanagar Gas Limited,₹ 1.65,₹ 1.65,Gas Bill,TRUE,Fixed,
39,MSEB Mumbai,₹ 1.65,₹ 1.65,Electricity Bill,TRUE,Fixed,
40,MTNL Delhi,₹ 0.99,₹ 0.99,Landline,FALSE,Fixed,
24,Tata Power Delhi Distribution Ltd,₹ 1.65,₹ 1.65,Electricity Bill,TRUE,Fixed,
42,Tata AIA Life Insurance,₹ 2.40,₹ 5.17,Insurance,TRUE,Fixed,
43,Tata TeleServices_CDMA,₹ 0.99,₹ 0.99,Landline,TRUE,Fixed,
44,Tikona Infinet Pvt Ltd,₹ 0.99,₹ 0.99,Mobile Postpaid,TRUE,Fixed,
45,Reliance Postpaid_CDMA,₹ 0.99,₹ 0.99,Mobile Postpaid,TRUE,Fixed,
47,Birla Sun Life Insurance,₹ 2.40,₹ 5.17,Insurance,TRUE,Fixed,
107,Madhya Gujarat Vij Company,₹ 1.65,₹ 1.65,Electricity Bill,TRUE,Fixed,
101,Dakshin Gujarat Vij Company,₹ 1.65,₹ 1.65,Electricity Bill,TRUE,Fixed,
51,Paschim Gujarat Vij Company,₹ 1.65,₹ 1.65,Electricity Bill,TRUE,Fixed,
115,Uttar Gujarat Vij Company,₹ 1.65,₹ 1.65,Electricity Bill,TRUE,Fixed,
56,Tikona Postpaid,₹ 0.99,₹ 0.99,Landline,TRUE,Fixed,
53,BEST,₹ 1.65,₹ 1.65,Electricity Bill,TRUE,Fixed,
60,Chhattisgarh Electricity Board,₹ 1.65,₹ 1.65,Electricity Bill,TRUE,Fixed,
61,Noida Power Company Limited,₹ 1.65,₹ 1.65,Electricity Bill,TRUE,Fixed,
125,Jaipur Vidyut Vitran Nigam Ltd,₹ 1.65,₹ 1.65,Electricity Bill,TRUE,Fixed,
145,Jodhpur Vidyut Vitran Nigam Ltd,₹ 1.65,₹ 1.65,Electricity Bill,TRUE,Fixed,
65,Indraprastha Gas,₹ 1.65,₹ 1.65,Gas Bill,TRUE,Fixed,
50,Gujarat Gas Company Limited,₹ 1.65,₹ 1.65,Gas Bill,TRUE,Fixed,
56,Bangalore Electricity Supply,₹ 1.65,₹ 1.65,Electricity Bill,TRUE,Fixed,
59,MP Paschim Vidyut Vitaran - INDO,₹ 1.65,₹ 1.65,Electricity Bill,TRUE,Fixed,
69,Jamshedpur Utilities & Services,₹ 1.65,₹ 1.65,Electricity Bill,TRUE,Fixed,
161,Bangalore Water Supply,₹ 1.65,₹ 1.65,Water,TRUE,Fixed,
63,Torrent Power Ltd.,₹ 1.65,₹ 1.65,Electricity Bill,TRUE,Fixed,
107,Tata Indicom Pospaid,₹ 0.99,₹ 0.99,DataCard,FALSE,Fixed,
111,Bharti Axa Life Insurance,₹ 2.40,₹ 5.17,Insurance,TRUE,Fixed,
112,Bhagalpur Electricity Distribution Company (P) Ltd,₹ 1.65,₹ 1.65,Electricity Bill,FALSE,Fixed,
76,DNH Power Distribution Company Limited,₹ 1.65,₹ 1.65,Electricity Bill,TRUE,Fixed,
117,Tripura State Electricity Board,₹ 1.65,₹ 1.65,Electricity Bill,TRUE,Fixed,
118,MP-Madhya Kshetra Vidyut Vitaran Co. Ltd.(Bhopal),₹ 1.65,₹ 1.65,Electricity Bill,TRUE,Fixed,
120,MP-Poorv Kshetra Vidyut Vitaran Co. Ltd.(Jabalpur),₹ 1.65,₹ 1.65,Electricity Bill,TRUE,Fixed,
142,Daman and Diu Electricity Department,₹ 1.65,₹ 1.65,Electricity Bill,TRUE,Fixed,
122,Calcutta Electricity Supply Co. Ltd.,₹ 1.65,₹ 1.65,Electricity Bill,TRUE,Fixed,
123,Meghalaya Power Distribution Cor. Ltd,₹ 1.65,₹ 1.65,Electricity Bill,TRUE,Fixed,
65,Adani Gas,₹ 1.65,₹ 1.65,Gas Bill,TRUE,Fixed,
127,PNB Metlife,₹ 2.40,₹ 5.17,Insurance,FALSE,Fixed,
128,Edelweiss Tokio Life Insurance,₹ 2.40,₹ 5.17,Insurance,FALSE,Fixed,
129,ACT BroadBand,₹ 0.99,₹ 0.99,BroadBand,TRUE,Fixed,
131,BSNL Landline - Individual,₹ 0.99,₹ 0.99,Landline,TRUE,Fixed,
126,Ajmer Vidyut Vitran Nigam Ltd,₹ 1.65,₹ 1.65,Electricity Bill,TRUE,Fixed,
133,MTNL Mumbai,₹ 0.99,₹ 0.99,Landline,TRUE,Fixed,
134,SBI Life Insurance,₹ 2.40,₹ 5.17,Insurance,TRUE,Fixed,
135,Hathway,₹ 0.99,₹ 0.99,BroadBand,TRUE,Fixed,
136,Connect BroadBand,₹ 0.99,₹ 0.99,BroadBand,TRUE,Fixed,
137,SpectraNet Broadband,₹ 0.99,₹ 0.99,BroadBand,TRUE,Fixed,
138,Hathway Digital TV,₹ 0.99,₹ 0.99,Cable,TRUE,Fixed,
139,Google Play Recharge Code,₹ 1.10,₹ 1.10,Digital Voucher,FALSE,Percentage,
140,Jio Prepaid,₹ 1.10,₹ 1.10,Mobile Prepaid,FALSE,Percentage,
141,Incable,₹ 0.99,₹ 0.99,Cable,FALSE,Fixed,
142,Reliance Jio Postpaid,₹ 0.99,₹ 0.99,Mobile Postpaid,TRUE,Fixed,
143,Jio Fi,₹ 1.10,₹ 1.10,Prepaid Data Card,FALSE,Percentage,
145,Nextra,₹ 0.99,₹ 0.99,BroadBand,TRUE,Fixed,
139,TataPowerMumbai,₹ 1.65,₹ 1.65,Electricity Bill,TRUE,Fixed,
147,Kanpur Electricity Supply,₹ 1.65,₹ 1.65,Electricity Bill,TRUE,Fixed,
148,Siti Energy,₹ 1.65,₹ 1.65,Gas Bill,TRUE,Fixed,
116,Uttarakhand Jal Sansthan,₹ 1.65,₹ 1.65,Water,TRUE,Fixed,
96,Assam Power Distribution Company Ltd,₹ 1.65,₹ 1.65,Electricity Bill,TRUE,Fixed,
135,Municipal Corporation of Gurugram,₹ 0.99,₹ 2.51,Municipal Corporation,TRUE,Fixed,
154,Mumbai Metro,₹ 1.10,₹ 1.10,Metro,TRUE,FIXED,
117,Pune Municipal Corporation Water,₹ 1.65,₹ 1.65,Water,TRUE,Fixed,
340,Bajaj Finance Ltd (Overdue Payments),₹ 0.99,₹ 0.99,EMI Payments,TRUE,FIXED,
159,Bajaj Allianz Life Insurance,₹ 2.40,₹ 5.17,Insurance,TRUE,Fixed,
131,Uttar Pradesh Power Corp. Ltd. (UPPCL) - URBAN,₹ 1.65,₹ 1.65,Electricity Bill,TRUE,Fixed,
82,South Bihar Power Distribution Company Ltd.,₹ 1.65,₹ 1.65,Electricity Bill,TRUE,Fixed,
122,Bharatpur Electricity Services Ltd. (BESL),₹ 1.65,₹ 1.65,Electricity Bill,TRUE,Fixed,
141,Bikaner Electricity Supply Limited (BkESL),₹ 1.65,₹ 1.65,Electricity Bill,TRUE,Fixed,
124,Haryana City Gas,₹ 1.65,₹ 1.65,Gas Bill,TRUE,Fixed,
121,Kota Electricity Distribution Limited (KEDL),₹ 1.65,₹ 1.65,Electricity Bill,TRUE,Fixed,
171,North Bihar Power Distribution Company Ltd.,₹ 1.65,₹ 1.65,Electricity Bill,TRUE,Fixed,
137,"NESCO, Odisha",₹ 1.65,₹ 1.65,Electricity Bill,TRUE,Fixed,
132,Sabarmati Gas Limited (SGL),₹ 1.65,₹ 1.65,Gas Bill,TRUE,Fixed,
136,SNDL Nagpur,₹ 1.65,₹ 1.65,Electricity Bill,TRUE,Fixed,
138,"SOUTHCO, Odisha",₹ 1.65,₹ 1.65,Electricity Bill,TRUE,Fixed,
128,Tripura Natural Gas,₹ 1.65,₹ 1.65,Gas Bill,TRUE,Fixed,
140,TP Ajmer Distribution Ltd (TPADL),₹ 1.65,₹ 1.65,Electricity Bill,TRUE,Fixed,
187,Urban Improvement Trust (UIT) - Bhiwadi,₹ 1.65,₹ 1.65,Water,TRUE,Fixed,
133,Uttarakhand Power Corporation Limited,₹ 1.65,₹ 1.65,Electricity Bill,TRUE,Fixed,
143,WESCO Utility,₹ 1.65,₹ 1.65,Electricity Bill,TRUE,Fixed,
148,Gulbarga Electricity Supply Company Limited,₹ 1.65,₹ 1.65,Electricity Bill,TRUE,Fixed,
185,Municipal Corporation of Gurugram,₹ 1.65,₹ 1.65,Water,TRUE,Fixed,
186,Canara HSBC Oriental Bank of Commerce Life Insurance,₹ 0.88,₹ 0.88,Insurance,FALSE,Fixed,
149,Tamil Nadu Electricity Board (TNEB),₹ 1.65,₹ 1.65,Electricity Bill,TRUE,Fixed,
190,Uttar Pradesh Power Corp Ltd (UPPCL) - RURAL,₹ 1.65,₹ 1.65,Electricity Bill,TRUE,Fixed,
191,BSNL Landline - Corporate,₹ 0.99,₹ 0.99,Landline,TRUE,Fixed,
150,Uttar Haryana Bijli Vitran Nigam (UHBVN),₹ 1.65,₹ 1.65,Electricity Bill,TRUE,Fixed,
193,Dakshin Haryana Bijli Vitran Nigam (DHBVN),₹ 1.65,₹ 1.65,Electricity Bill,TRUE,Fixed,
194,Punjab State Power Corporation Ltd (PSPCL),₹ 1.65,₹ 1.65,Electricity Bill,TRUE,Fixed,
189,Unique Central Piped Gases Pvt Ltd (UCPGPL),₹ 1.65,₹ 1.65,Gas Bill,TRUE,Fixed,
191,Vadodara Gas Limited,₹ 1.65,₹ 1.65,Gas Bill,TRUE,Fixed,
197,Jharkhand Bijli Vitran Nigam Limited (JBVNL),₹ 1.65,₹ 1.65,Electricity Bill,TRUE,Fixed,
198,Assam Power Distribution Company Ltd (NON-RAPDR),₹ 1.65,₹ 1.65,Electricity Bill,TRUE,Fixed,
60,Chamundeshwari Electricity Supply Corp Ltd (CESCOM),₹ 1.65,₹ 1.65,Electricity Bill,TRUE,Fixed,
200,Hubli Electricity Supply Company Ltd (HESCOM),₹ 1.65,₹ 1.65,Electricity Bill,TRUE,Fixed,
201,IDBI federal Life Insurance,₹ 0.88,₹ 0.88,Insurance,FALSE,Fixed,
176,Maharashtra Natural Gas Limited (MNGL),₹ 1.65,₹ 1.65,Gas Bill,TRUE,Fixed,
204,West Bengal State Electricity Distribution Co. Ltd (WBSEDCL),₹ 1.65,₹ 1.65,Electricity Bill,TRUE,Fixed,
206,Himachal Pradesh Electricity,₹ 1.65,₹ 1.65,Electricity Bill,TRUE,Fixed,
207,BSNL WiFi Vouchers,₹ 0.00,₹ 0.00,WiFi,FALSE,Fixed,
209,Aditya Birla Finance Limited,₹ 0.88,₹ 0.88,EMI Payments,FALSE,FIXED,
336,Bajaj Auto Finance,₹ 0.88,₹ 0.88,EMI Payments,FALSE,FIXED,
167,Hyderabad Metropolitan Water Supply and Sewerage Board,₹ 1.65,₹ 1.65,Water,TRUE,Fixed,
163,Charotar Gas Sahakari Mandali Ltd,₹ 1.65,₹ 1.65,Gas Bill,TRUE,Fixed,
213,TTN BroadBand,₹ 0.99,₹ 0.99,BroadBand,TRUE,Fixed,
214,Airtel Broadband,₹ 0.99,₹ 0.99,BroadBand,TRUE,Fixed,
57,M.P. Madhya Kshetra Vidyut Vitaran - URBAN,₹ 1.65,₹ 1.65,Electricity Bill,TRUE,Fixed,
216,M.P. Madhya Kshetra Vidyut Vitaran - RURAL,₹ 1.65,₹ 1.65,Electricity Bill,TRUE,Fixed,
78,M.P. Poorv Kshetra Vidyut Vitaran - URBAN,₹ 1.65,₹ 1.65,Electricity Bill,TRUE,Fixed,
179,New Delhi Municipal Council (NDMC) - WaterWater,₹ 1.65,₹ 1.65,Water,TRUE,Fixed,
178,New Delhi Municipal Council (NDMC) - Electricity,₹ 1.65,₹ 1.65,Electricity Bill,TRUE,Fixed,
177,Municipal Corporation Jalandhar,₹ 0.99,₹ 2.51,Municipal Corporation,TRUE,Fixed,
158,Aavantika Gas Ltd.,₹ 1.65,₹ 1.65,Gas Bill,TRUE,Fixed,
173,Municipal Corporation Ludhiana – Water,₹ 1.65,₹ 1.65,Water,TRUE,Fixed,
157,Central U.P. Gas Limited,₹ 1.65,₹ 1.65,Gas Bill,TRUE,Fixed,
162,Bhopal Municipal Corporation,₹ 1.65,₹ 1.65,Water,TRUE,Fixed,
228,Indore Municipal Corporation,₹ 1.65,₹ 1.65,Water,TRUE,Fixed,
165,Gwalior Municipal Corporation,₹ 1.65,₹ 1.65,Water,TRUE,Fixed,
459,Jabalpur Municipal Corporation,₹ 1.65,₹ 1.65,Water,TRUE,Fixed,
168,Indian Oil-Adani Gas Private Limited,₹ 1.65,₹ 1.65,Gas Bill,TRUE,Fixed,
183,Surat Municipal Corporation,₹ 1.65,₹ 1.65,Water,TRUE,Fixed,
233,DMI Finance,₹ 0.88,₹ 0.88,EMI Payments,FALSE,FIXED,
234,M.P. Poorv Kshetra Vidyut Vitaran – RURAL,₹ 1.65,₹ 1.65,Electricity Bill,TRUE,Fixed,
235,Sikkim Power – RURAL,₹ 1.65,₹ 1.65,Electricity Bill,TRUE,Fixed,
193,Ujjain Nagar Nigam - PHED,₹ 1.65,₹ 1.65,Water,TRUE,Fixed,
237,DHFL Pramerica Life Insurance Co. Ltd,₹ 0.88,₹ 0.88,Insurance,FALSE,Fixed,
238,IndiaFirst Life Insurance,₹ 2.40,₹ 5.17,Insurance,TRUE,Fixed,
239,Max Life Insurance,₹ 2.40,₹ 5.17,Insurance,TRUE,Fixed,
194,Greater Warangal Municipal Corporation – Water,₹ 1.65,₹ 1.65,Water,TRUE,Fixed,
196,Gail Gas Limited,₹ 1.65,₹ 1.65,Gas Bill,TRUE,Fixed,
243,Goa Electricity Department,₹ 1.65,₹ 1.65,Electricity Bill,TRUE,Fixed,
248,IRM Energy Private Limited,₹ 1.65,₹ 1.65,Gas Bill,TRUE,Fixed,
245,"Department of Power, Nagaland",₹ 1.65,₹ 1.65,Electricity Bill,TRUE,Fixed,
246,Sikkim Power - URBAN,₹ 1.65,₹ 1.65,Electricity Bill,TRUE,Fixed,
247,Mangalore Electricity Supply Co. Ltd (MESCOM),₹ 1.65,₹ 1.65,Electricity Bill,TRUE,Fixed,
248,Exide Life Insurance,₹ 2.40,₹ 5.17,Insurance,TRUE,Fixed,
249,TP Central Odisha Distribution Ltd.,₹ 1.65,₹ 1.65,Electricity Bill,TRUE,Fixed,
250,Kerala State Electricity Board Ltd. (KSEBL),₹ 1.65,₹ 1.65,Electricity Bill,TRUE,Fixed,
251,Power & Electricity Department – Mizoram,₹ 1.65,₹ 1.65,Electricity Bill,TRUE,Fixed,
252,Comway Broadband,₹ 0.99,₹ 0.99,BroadBand,TRUE,Fixed,
253,FusionNet Broadband,₹ 0.99,₹ 0.99,BroadBand,TRUE,Fixed,
254,ASIANET Broadband (ASIANET),₹ 0.99,₹ 0.99,BroadBand,TRUE,Fixed,
255,Aviva Life Insurance,₹ 2.40,₹ 5.17,Insurance,TRUE,Fixed,
260,Ranchi Municipal Corporation,₹ 0.99,₹ 2.51,Municipal Corporation,TRUE,Fixed,
577,Silvassa Municipal Council,₹ 1.65,₹ 1.65,Water,TRUE,Fixed,
269,IDFC FIRST Bank,₹ 0.99,₹ 0.99,EMI Payments,FALSE,FIXED,
130,Delhi Jal Board,₹ 1.65,₹ 1.65,Water,TRUE,Fixed,
264,Haryana Urban Development Authority,₹ 1.65,₹ 1.65,Water,TRUE,Fixed,
396,Green Gas Limited(GGL),₹ 1.65,₹ 1.65,Gas Bill,TRUE,Fixed,
267,Hero Corp Finance,₹ 0.99,₹ 0.99,EMI Payments,FALSE,FIXED,
496,Mysuru Citi Corporation,₹ 1.65,₹ 1.65,Water,TRUE,Fixed,
3015,Punjab Municipal Corporations/Councils,₹ 1.65,₹ 1.65,Water,TRUE,Fixed,
272,Aegon Life Insurance,₹ 0.88,₹ 0.88,Insurance,FALSE,Fixed,
361,Delhi Development Authority - Water,₹ 1.65,₹ 1.65,Water,TRUE,Fixed,
275,SBI General Insurance,₹ 0.88,₹ 0.88,Insurance,FALSE,Fixed,
363,"Department of Public Health Engineering-Water, Mizoram",₹ 1.65,₹ 1.65,Water,TRUE,Fixed,
278,Instalinks,₹ 0.99,₹ 0.99,BroadBand,TRUE,Fixed,
495,Municipal Corporation of Amritsar,₹ 1.65,₹ 1.65,Water,TRUE,Fixed,
280,Government of Puducherry Electricity Department,₹ 1.65,₹ 1.65,Electricity Bill,TRUE,Fixed,
281,M-NET Fiber Fast,₹ 0.99,₹ 0.99,BroadBand,TRUE,Fixed,
282,Hindustan Petroleum Corporation Ltd (HPCL),₹ 1.10,₹ 0.00,LPG Booking,TRUE,Fixed,
283,Den Broadband,₹ 0.99,₹ 0.99,BroadBand,TRUE,Fixed,
284,Timbl Broadband,₹ 0.99,₹ 0.99,BroadBand,TRUE,Fixed,
285,HDFC Life Insurance Co. Ltd,₹ 2.40,₹ 5.17,Insurance,TRUE,Fixed,
5173,Assam Gas Company Limited,₹ 1.65,₹ 1.65,Gas Bill,TRUE,Fixed,
5643,Bharat Petroleum Corporation Limited (BPCL),₹ 1.10,₹ 0.00,LPG Booking,TRUE,Fixed,
289,Vfibernet Broadband,₹ 0.99,₹ 0.99,BroadBand,TRUE,Fixed,
290,Instanet Broadband,₹ 0.99,₹ 0.99,BroadBand,TRUE,Fixed,
291,IndusInd Bank- FASTag,₹ 1.54,₹ 1.54,FASTag,TRUE,FIXED,
292,Indian Highways Management Company Ltd – Indusind FASTag,₹ 1.54,₹ 1.54,FASTag,TRUE,FIXED,
293,Indian Oil Corporation Limited,₹ 1.10,₹ 0.00,LPG Booking,TRUE,Fixed,
294,Bank Of Baroda,₹ 1.54,₹ 1.54,FASTag,TRUE,FIXED,
341,Bhagyanagar Gas Limited,₹ 1.65,₹ 1.65,Gas Bill,TRUE,Fixed,
297,Flexsalary,₹ 2.75,₹ 2.75,EMI Payments,TRUE,Fixed,
466,Kerala Water Authority (KWA),₹ 1.65,₹ 1.65,Water,TRUE,Fixed,
299,L&T Financial Services,₹ 2.75,₹ 2.75,EMI Payments,TRUE,Fixed,
300,Loksuvidha,₹ 2.75,₹ 2.75,EMI Payments,TRUE,Fixed,
301,Motilal Oswal Home Finance,₹ 2.75,₹ 2.75,EMI Payments,TRUE,Fixed,
302,Paisa Dukan-Borrower EMI,₹ 2.75,₹ 2.75,EMI Payments,TRUE,Fixed,
303,Snapmint,₹ 2.75,₹ 2.75,EMI Payments,TRUE,Fixed,
280,Tata Capital Financial Services Limited,₹ 2.75,₹ 2.75,EMI Payments,TRUE,Fixed,
305,Netplus Broadband,₹ 0.99,₹ 0.99,Broadband,TRUE,Fixed,
306,Religare Health Insurance Co Ltd.,₹ 2.40,₹ 5.17,Insurance,TRUE,Fixed,
304,Aditya Birla Housing Finance Limited,₹ 2.75,₹ 2.75,EMI Payments,TRUE,Fixed,
308,Shriram City Union Finance Ltd,₹ 2.75,₹ 2.75,EMI Payments,TRUE,Fixed,
309,Indiabulls Consumer Finance Limited,₹ 2.75,₹ 2.75,EMI Payments,TRUE,Fixed,
310,L and T Housing Finance,₹ 2.75,₹ 2.75,EMI Payments,TRUE,Fixed,
314,Flash Fibernet,₹ 0.99,₹ 0.99,BroadBand,TRUE,Fixed,
315,Pramerica Life Insurance Limited,₹ 2.40,₹ 5.17,Insurance,TRUE,Fixed,
559,Sanwariya Gas Limited,₹ 1.65,₹ 1.65,Gas Bill,TRUE,Fixed,
300,Aavas Financiers Limited,₹ 2.75,₹ 2.75,EMI Payments,TRUE,Fixed,
318,Indiabulls Housing Finance Limited,₹ 2.75,₹ 2.75,EMI Payments,TRUE,Fixed,
319,Future Generali India Life Insurance Company Limited,₹ 2.40,₹ 5.17,Insurance,TRUE,Fixed,
322,Avail,₹ 2.75,₹ 2.75,EMI Payments,TRUE,Fixed,
352,Clix,₹ 2.75,₹ 2.75,EMI Payments,TRUE,Fixed,
322,Varthana,₹ 2.75,₹ 2.75,EMI Payments,TRUE,Fixed,
323,Bajaj Allianz General Insurance,₹ 0.88,₹ 0.88,Insurance,FALSE,Fixed,
381,Ess Kay Fincorp Limited,₹ 2.75,₹ 2.75,EMI Payments,TRUE,Fixed,
325,384,₹ 2.75,₹ 2.75,EMI Payments,TRUE,Fixed,
326,i2iFunding,₹ 2.75,₹ 2.75,EMI Payments,TRUE,Fixed,
348,Capri Global Capital Limited,₹ 2.75,₹ 2.75,EMI Payments,TRUE,Fixed,
328,Reliance Nippon Life Insurance,₹ 2.40,₹ 5.17,Insurance,TRUE,Fixed,
329,Electricity Department Chandigarh,₹ 1.65,₹ 1.65,Electricity Bill,TRUE,Fixed,
509,Municipal Corporation Chandigarh,₹ 1.65,₹ 1.65,Water,TRUE,Fixed,
331,Manappuram Finance Limited Vehicle Loan,₹ 2.75,₹ 2.75,EMI Payments,TRUE,Fixed,
400,Vi Prepaid,₹ 0.66,₹ 0.66,Mobile Prepaid,FALSE,Percentage,
349,Capri Global Housing Finance,₹ 2.75,₹ 2.75,EMI Payments,TRUE,Fixed,
362,Vastu Housing Finance Corporation Limited,₹ 2.40,₹ 5.17,Insurance,TRUE,Fixed,
363,Star Union Dai Ichi Life Insurance,₹ 2.40,₹ 5.17,Insurance,TRUE,Fixed,
483,Madhya Pradesh Urban (e-Nagarpalika ) - Water,₹ 1.65,₹ 1.65,Water,TRUE,Fixed,
371,Madhya Pradesh Urban (e-Nagarpalika ) - Property,₹ 0.99,₹ 2.51,Municipal Corporation,TRUE,Fixed,
462,Kalyan Dombivali Municipal Corporation,₹ 0.99,₹ 2.51,Municipal Corporation,TRUE,Fixed,
373,Ahmedabad Municipal Corporation,₹ 1.65,₹ 1.65,Water,TRUE,Fixed,
374,Muthoot Microfin Limited,₹ 2.75,₹ 2.75,EMI Payments,TRUE,Fixed,
375,Shriram Transport Finance Company Limited,₹ 2.75,₹ 2.75,EMI Payments,TRUE,Fixed,
372,Easy Home Finance Limited,₹ 2.75,₹ 2.75,EMI Payments,TRUE,Fixed,
329,Axis Finance Limited,₹ 2.75,₹ 2.75,EMI Payments,TRUE,Fixed,
378,Jain Autofin,₹ 2.75,₹ 2.75,EMI Payments,TRUE,Fixed,
351,Cars24 Financial Services Private Limited,₹ 2.75,₹ 2.75,EMI Payments,TRUE,Fixed,
380,Vasai Virar Municipal Corporation - Property,₹ 0.99,₹ 2.51,Municipal Corporation,TRUE,Fixed,
524,Naveriya Gas Pvt Ltd,₹ 1.65,₹ 1.65,Gas Bill,TRUE,Fixed,
383,Oxyzo Financial Services Pvt Ltd,₹ 2.75,₹ 2.75,EMI Payments,TRUE,Fixed,
384,Toyota Financial Services,₹ 2.75,₹ 2.75,EMI Payments,TRUE,Fixed,
321,AU Bank Loan Repayment,₹ 2.75,₹ 2.75,EMI Payments,TRUE,Fixed,
316,Arohan Financial Services Ltd,₹ 2.75,₹ 2.75,EMI Payments,TRUE,Fixed,
346,ZestMoney,₹ 2.75,₹ 2.75,EMI Payments,TRUE,Fixed,
390,Jana Small Finance Bank,₹ 2.75,₹ 2.75,EMI Payments,TRUE,Fixed,
391,Loantap Credit Products Pvt Ltd,₹ 2.75,₹ 2.75,EMI Payments,TRUE,Fixed,
392,Shriram Housing Finance Limited,₹ 2.75,₹ 2.75,EMI Payments,TRUE,Fixed,
393,Kissht,₹ 2.75,₹ 2.75,EMI Payments,TRUE,Fixed,
394,Shriram Life Insurance Co Ltd,₹ 2.40,₹ 5.17,Insurance,TRUE,Fixed,
395,ION,₹ 0.99,₹ 0.99,BroadBand,TRUE,Fixed,
396,Kalyan Dombivali Municipal Corporation - Water,₹ 1.65,₹ 1.65,Water,TRUE,Fixed,
398,RupeeRedee,₹ 2.75,₹ 2.75,EMI Payments,TRUE,Fixed,
405,Reliance General Insurance Company Limited,₹ 2.40,₹ 5.17,Insurance,TRUE,Fixed,
406,ICICI Bank Ltd - Loans,₹ 2.75,₹ 2.75,EMI Payments,TRUE,Fixed,
407,Kinara Capital,₹ 2.75,₹ 2.75,EMI Payments,TRUE,Fixed,
416,Prayagraj Nagar Nigam - Property,₹ 0.99,₹ 2.51,Municipal Corporation,TRUE,Fixed,
417,Max Bupa Health Insurance,₹ 2.40,₹ 5.17,Insurance,TRUE,Fixed,
418,Shriram General Insurance,₹ 2.40,₹ 5.17,Insurance,TRUE,Fixed,
419,BERAR Finance Limited,₹ 2.75,₹ 2.75,EMI Payments,TRUE,Fixed,
324,Avanse Financial Services Ltd,₹ 2.75,₹ 2.75,EMI Payments,TRUE,Fixed,
421,Baid Leasing and Finance,₹ 2.75,₹ 2.75,EMI Payments,TRUE,Fixed,
422,OHMYLOAN,₹ 2.75,₹ 2.75,EMI Payments,TRUE,Fixed,
423,OMLP2P.COM,₹ 2.75,₹ 2.75,EMI Payments,TRUE,Fixed,
310,Annapurna Finance Private Limited-MSME,₹ 2.75,₹ 2.75,EMI Payments,TRUE,Fixed,
425,Home Credit India Finance Pvt. Ltd,₹ 2.75,₹ 2.75,EMI Payments,TRUE,Fixed,
426,India Shelter Finance Corporation Limited,₹ 2.75,₹ 2.75,EMI Payments,TRUE,Fixed,
427,Kanakadurga Finance Limited,₹ 2.75,₹ 2.75,EMI Payments,TRUE,Fixed,
428,Mahindra Rural Housing Finance,₹ 2.75,₹ 2.75,EMI Payments,TRUE,Fixed,
430,Fincare Small Finance Bank,₹ 2.75,₹ 2.75,EMI Payments,TRUE,Fixed,
302,Adani Capital Pvt Ltd,₹ 2.75,₹ 2.75,EMI Payments,TRUE,Fixed,
435,Asianet Digital,₹ 0.99,₹ 0.99,Cable,TRUE,Fixed,
436,Vodafone Postpaid,₹ 0.99,₹ 0.99,Mobile Postpaid,TRUE,Fixed,
451,Jalkal Vibhag Nagar Nigam Prayagraj,₹ 1.65,₹ 1.65,Water,TRUE,Fixed,
438,Jammu and Kashmir Power Development Department,₹ 1.65,₹ 1.65,Electricity Bill,TRUE,Fixed,
439,Port Blair Municipal Council,₹ 0.99,₹ 2.51,Municipal Corporation,TRUE,Fixed,
440,Maxvalue Credits And Investments Ltd,₹ 2.75,₹ 2.75,EMI Payments,TRUE,Fixed,
441,Svatantra Microfin Private Limited,₹ 2.75,₹ 2.75,EMI Payments,TRUE,Fixed,
442,Altum Credo Home Finance,₹ 2.75,₹ 2.75,EMI Payments,TRUE,Fixed,
443,INDUSIND BANK - CFD,₹ 2.75,₹ 2.75,EMI Payments,TRUE,Fixed,
444,FlexiLoans,₹ 2.75,₹ 2.75,EMI Payments,TRUE,Fixed,
445,Credit Wise Capital,₹ 2.75,₹ 2.75,EMI Payments,TRUE,Fixed,
447,Chaitanya India Fin Credit Pvt Ltd,₹ 2.75,₹ 2.75,EMI Payments,TRUE,Fixed,
448,Digamber Capfin Limited,₹ 2.75,₹ 2.75,EMI Payments,TRUE,Fixed,
449,Midland Microfin Ltd,₹ 2.75,₹ 2.75,EMI Payments,TRUE,Fixed,
499,Megha Gas,₹ 1.65,₹ 1.65,Gas Bill,TRUE,Fixed,
451,Swifttele Enterprises Private Limited,₹ 0.99,₹ 0.99,BroadBand,TRUE,Fixed,
457,Ascend Capital,₹ 2.75,₹ 2.75,EMI Payments,TRUE,Fixed,
458,Nidhilakshmi Finance,₹ 2.75,₹ 2.75,EMI Payments,TRUE,Fixed,
459,NM Finance,₹ 2.75,₹ 2.75,EMI Payments,TRUE,Fixed,
460,Oroboro,₹ 2.75,₹ 2.75,EMI Payments,TRUE,Fixed,
461,India Home Loan Limited,₹ 2.75,₹ 2.75,EMI Payments,TRUE,Fixed,
462,DCB Bank Loan Repayment,₹ 2.75,₹ 2.75,EMI Payments,TRUE,Fixed,
373,Eduvanz Financing Pvt Ltd,₹ 2.75,₹ 2.75,EMI Payments,TRUE,Fixed,
464,Mintifi Finserve Pvt Ltd,₹ 2.75,₹ 2.75,EMI Payments,TRUE,Fixed,
465,Magma HDI - Health Insurance,₹ 2.40,₹ 5.17,Insurance,TRUE,Fixed,
466,Magma HDI - Life Insurance,₹ 2.40,₹ 5.17,Insurance,TRUE,Fixed,
467,Magma HDI - Motor Insurance,₹ 2.40,₹ 5.17,Insurance,TRUE,Fixed,
468,Royal Sundaram General Insurance Co. Limited,₹ 2.40,₹ 5.17,Insurance,TRUE,Fixed,
394,GAIL India,₹ 1.65,₹ 1.65,Gas Bill,TRUE,Fixed,
471,Hiranandani Financial Services Pvt Ltd,₹ 2.75,₹ 2.75,EMI Payments,TRUE,Fixed,
472,Home First Finance Company India Limited,₹ 2.75,₹ 2.75,EMI Payments,TRUE,Fixed,
473,Ujjivan Small Finance Bank,₹ 2.75,₹ 2.75,EMI Payments,TRUE,Fixed,
474,Light Microfinance Pvt Ltd,₹ 2.75,₹ 2.75,EMI Payments,TRUE,Fixed,
475,IIFL Finance Limited,₹ 2.75,₹ 2.75,EMI Payments,TRUE,Fixed,
476,IIFL Home Finance,₹ 2.75,₹ 2.75,EMI Payments,TRUE,Fixed,
479,TVS Credit,₹ 2.75,₹ 2.75,EMI Payments,TRUE,Fixed,
356,CreditAccess Grameen - Microfinance,₹ 2.75,₹ 2.75,EMI Payments,TRUE,Fixed,
355,CreditAccess Grameen - Retail Finance,₹ 2.75,₹ 2.75,EMI Payments,TRUE,Fixed,
482,Khush Housing Finance Pvt Ltd,₹ 2.75,₹ 2.75,EMI Payments,TRUE,Fixed,
487,Adani Housing Finance,₹ 2.75,₹ 2.75,EMI Payments,TRUE,Fixed,
488,Janakalyan Financial Services Private Limited,₹ 2.75,₹ 2.75,EMI Payments,TRUE,Fixed,
489,Muthoot Fincorp Ltd,₹ 2.75,₹ 2.75,EMI Payments,TRUE,Fixed,
490,Mangalore Electricity Supply Company LTD (Non RAPDR),₹ 1.65,₹ 1.65,Electricity Bill,TRUE,Fixed,
307,Agora Microfinance India Ltd - AMIL,₹ 2.75,₹ 2.75,EMI Payments,TRUE,Fixed,
492,Kotak Life Insurance Company Limited,₹ 2.40,₹ 5.17,Insurance,TRUE,Fixed,
493,Jain Motor Finmart,₹ 2.75,₹ 2.75,EMI Payments,TRUE,Fixed,
342,Bharat Financial Inclusion Ltd,₹ 2.75,₹ 2.75,EMI Payments,TRUE,Fixed,
495,StashFin,₹ 2.75,₹ 2.75,EMI Payments,TRUE,Fixed,
496,Pooja Finelease,₹ 2.75,₹ 2.75,EMI Payments,TRUE,Fixed,
497,Mahaveer Finance India Limited,₹ 2.75,₹ 2.75,EMI Payments,TRUE,Fixed,
498,Nagar Nigam Aligarh,₹ 0.99,₹ 2.51,Municipal Corporation,TRUE,Fixed,
499,Orange Retail Finance India Pvt Ltd,₹ 2.75,₹ 2.75,EMI Payments,TRUE,Fixed,
500,Vistaar Financial services Private Limited,₹ 2.75,₹ 2.75,EMI Payments,TRUE,Fixed,
327,Axis Bank Limited-Microfinance,₹ 2.75,₹ 2.75,EMI Payments,TRUE,Fixed,
505,Intermedia Cable Communication Pvt Ltd,₹ 0.99,₹ 0.99,Cable,TRUE,Fixed,
507,Kotak Mahindra Prime Limited,₹ 2.75,₹ 2.75,EMI Payments,TRUE,Fixed,
508,Mahindra and Mahindra Financial Services Limited,₹ 2.75,₹ 2.75,EMI Payments,TRUE,Fixed,
509,Nagar Nigam Aligarh- Water,₹ 1.65,₹ 1.65,Water,TRUE,Fixed,
510,Dvara Kshetriya Gramin Financials Services Private Limited,₹ 2.75,₹ 2.75,EMI Payments,TRUE,Fixed,
511,Muthoot Finance,₹ 2.75,₹ 2.75,EMI Payments,TRUE,Fixed,
512,John Deere Financial India Private Limited,₹ 2.75,₹ 2.75,EMI Payments,TRUE,Fixed,
513,Lakshadweep Electricity Department,₹ 1.65,₹ 1.65,Electricity Bill,TRUE,Fixed,
547,"Public Health Engineering Department, Haryana",₹ 1.65,₹ 1.65,Water,TRUE,Fixed,
515,Tata Capital Housing Finance Limited,₹ 2.75,₹ 2.75,EMI Payments,TRUE,Fixed,
516,SMEcorner,₹ 2.75,₹ 2.75,EMI Payments,TRUE,Fixed,
517,Shivamogga City Corporation,₹ 0.99,₹ 2.51,Municipal Corporation,TRUE,Fixed,
518,Netafim Agricultural Financing Agency,₹ 2.75,₹ 2.75,EMI Payments,TRUE,Fixed,
519,Alliance Broadband,₹ 0.99,₹ 0.99,Broadband,TRUE,Fixed,
520,Kotak Mahindra Bank Ltd.-Loans,₹ 2.75,₹ 2.75,EMI Payments,TRUE,Fixed,
521,Samasta Microfinance Limited,₹ 2.75,₹ 2.75,EMI Payments,TRUE,Fixed,
470,Kolhapur Municipal Corporation,₹ 0.99,₹ 2.51,Municipal Corporation,TRUE,Fixed,
523,AirJaldi - Rural Broadband,₹ 0.99,₹ 0.99,Broadband,TRUE,Fixed,
524,Gift Power Company Limited,₹ 1.65,₹ 1.65,Electricity Bill,TRUE,Fixed,
525,Life Insurance Corporation of India,₹ 0.88,₹ 0.88,Insurance,FALSE,Fixed,
527,HDB Financial Services Limited,₹ 2.75,₹ 2.75,EMI Payments,TRUE,Fixed,
528,Novelty Finance Ltd,₹ 2.75,₹ 2.75,EMI Payments,TRUE,Fixed,
314,Aptus Value Housing Finance India Limited,₹ 2.75,₹ 2.75,EMI Payments,TRUE,Fixed,
315,Aptus Finance India Private Limited,₹ 2.75,₹ 2.75,EMI Payments,TRUE,Fixed,
531,Mitron Capital,₹ 2.75,₹ 2.75,EMI Payments,TRUE,Fixed,
532,Thazhayil Nidhi Ltd,₹ 2.75,₹ 2.75,EMI Payments,TRUE,Fixed,
533,X10 Financial Services Limited,₹ 2.75,₹ 2.75,EMI Payments,TRUE,Fixed,
534,Muthoot Housing Finance Company Limited,₹ 2.75,₹ 2.75,EMI Payments,TRUE,Fixed,
535,Gujarat State Petronet Limited,₹ 2.75,₹ 2.75,EMI Payments,TRUE,Fixed,
537,Aditya Birla Health Insurance Co Limited,₹ 2.40,₹ 5.17,Insurance,TRUE,Fixed,
538,Greater Chennai Corporation,₹ 0.99,₹ 2.51,Municipal Corporation,TRUE,Fixed,
608,Vatva Industrial Estate Infrastructure Development Ltd,₹ 1.65,₹ 1.65,Water,TRUE,Fixed,
541,ESAF Small Finance Bank (Micro Loans),₹ 2.75,₹ 2.75,EMI Payments,TRUE,Fixed,
542,Yogakshemam Loans Ltd,₹ 2.75,₹ 2.75,EMI Payments,TRUE,Fixed,
543,Skylink Fibernet Private Limited,₹ 0.99,₹ 0.99,Broadband Recharge,TRUE,Fixed,
545,Rander Peoples Co Operative Bank Ltd,₹ 2.75,₹ 2.75,EMI Payments,TRUE,Fixed,
546,Nagar Nigam Agra,₹ 0.99,₹ 2.51,Municipal Corporation,TRUE,Fixed,
547,Minicipal Corporation - Meerut,₹ 0.99,₹ 2.51,Municipal Corporation,TRUE,Fixed,
548,Nagar Palika Parishad Lalitpur,₹ 0.99,₹ 2.51,Municipal Corporation,TRUE,Fixed,
549,Excell Broadband,₹ 0.99,₹ 0.99,Broadband,TRUE,Fixed,
551,"Department of Power, Government of Arunachal Pradesh - Prepaid",₹ 1.65,₹ 1.65,Electricity Bill,TRUE,Fixed,
552,Kannan Devan Hills Plantations Company Private Limited,₹ 1.65,₹ 1.65,Electricity Bill,TRUE,Fixed,
311,Annapurna Finance Private Limited-MFI,₹ 2.75,₹ 2.75,EMI Payments,TRUE,Fixed,
328,Axis Bank Limited - Retail Loan,₹ 2.75,₹ 2.75,EMI Payments,TRUE,Fixed,
555,Fullerton India Housing Finance Limited,₹ 2.75,₹ 2.75,EMI Payments,TRUE,Fixed,
556,Fullerton India credit company limited,₹ 2.75,₹ 2.75,EMI Payments,TRUE,Fixed,
557,G U Financial Services Pvt Ltd,₹ 2.75,₹ 2.75,EMI Payments,TRUE,Fixed,
558,InCred,₹ 2.75,₹ 2.75,EMI Payments,TRUE,Fixed,
559,MoneyTap,₹ 2.75,₹ 2.75,EMI Payments,TRUE,Fixed,
560,Muthoot Capital Services Ltd,₹ 2.75,₹ 2.75,EMI Payments,TRUE,Fixed,
331,Ayaan Finserve India Private LTD,₹ 2.75,₹ 2.75,EMI Payments,TRUE,Fixed,
562,Sarvjan India Fintech Private Limited,₹ 2.75,₹ 2.75,EMI Payments,TRUE,Fixed,
563,Hubli-Dharwad Municipal Corporation,₹ 0.99,₹ 2.51,Municipal Corporation,TRUE,Fixed,
541,Port Blair Municipal Council - Water,₹ 1.65,₹ 1.65,Water,TRUE,Fixed,
605,Vasai Virar Municipal Corporation - Water,₹ 1.65,₹ 1.65,Water,TRUE,Fixed,
567,Rajkot Municipal Corporation,₹ 0.99,₹ 2.51,Municipal Corporation,TRUE,Fixed,
568,Aadhar Housing Finance Limited,₹ 2.75,₹ 2.75,EMI Payments,TRUE,Fixed,
569,IDF Financial Services Private Limited,₹ 2.75,₹ 2.75,EMI Payments,TRUE,Fixed,
334,Bajaj Housing Finance Limited,₹ 2.75,₹ 2.75,EMI Payments,TRUE,Fixed,
572,Centrum Microcredit Limited,₹ 2.75,₹ 2.75,EMI Payments,TRUE,Fixed,
573,Municipal Corporation Rohtak,₹ 0.99,₹ 2.51,Municipal Corporation,TRUE,Fixed,
574,Ziploan,₹ 2.75,₹ 2.75,EMI Payments,TRUE,Fixed,
378,Equitas SFB – Microfinance Loan,₹ 2.75,₹ 2.75,EMI Payments,TRUE,Fixed,
576,Indostar Capital Finance Limited - CV,₹ 2.75,₹ 2.75,EMI Payments,TRUE,Fixed,
577,ICICI Lombard General Insurance (Motor),₹ 2.40,₹ 5.17,Insurance,TRUE,Fixed,
566,Shivamogga City Corporation - Water Tax,₹ 1.65,₹ 1.65,Water,TRUE,Fixed,
579,RMK Fincorp Pvt Ltd,₹ 2.75,₹ 2.75,EMI Payments,TRUE,Fixed,
453,Jammu Kashmir Water Billing-JKPHE Kashmir,₹ 1.65,₹ 1.65,Water,TRUE,Fixed,
454,Jammu Kashmir Water Billing-JKPHE Jammu,₹ 1.65,₹ 1.65,Water,TRUE,Fixed,
584,Smile Microfinance Limited,₹ 2.75,₹ 2.75,EMI Payments,TRUE,Fixed,
339,Belstar Microfinance Limited,₹ 2.75,₹ 2.75,EMI Payments,TRUE,Fixed,
587,Tata Motors Finance Limited,₹ 2.75,₹ 2.75,EMI Payments,TRUE,Fixed,
588,Wish Net Pvt Ltd,₹ 0.99,₹ 0.99,Broadband,TRUE,Fixed,
589,GTPL KCBPL Broadband Pvt Ltd,₹ 0.99,₹ 0.99,Broadband,TRUE,Fixed,
630,Gulbarga City Corporation,₹ 0.99,₹ 2.51,Municipal Corporation,TRUE,Fixed,
597,Puducherry Urban Development Agency(LAD)-Property Tax,₹ 0.99,₹ 2.51,Municipal Corporation,TRUE,Fixed,
332,Aye Finance Pvt. Ltd.,₹ 2.75,₹ 2.75,EMI Payments,TRUE,Fixed,
357,Criss Financial Holdings Ltd,₹ 2.75,₹ 2.75,EMI Payments,TRUE,Fixed,
628,Spandana Sphoorty Financial Ltd,₹ 2.75,₹ 2.75,EMI Payments,TRUE,Fixed,
591,LIC Housing Finance Limited,₹ 2.75,₹ 2.75,EMI Payments,TRUE,Fixed,
635,Shubham Housing Development Finance Company Ltd,₹ 2.75,₹ 2.75,EMI Payments,TRUE,Fixed,
368,Diwakar Tracom Private Limited,₹ 2.75,₹ 2.75,EMI Payments,TRUE,Fixed,
615,Hindon Mercantile Limited - Mufin,₹ 2.75,₹ 2.75,EMI Payments,TRUE,Fixed,
616,Indostar Home Finance Private Limited,₹ 2.75,₹ 2.75,EMI Payments,TRUE,Fixed,
618,Muthoot Money,₹ 2.75,₹ 2.75,EMI Payments,TRUE,Fixed,
620,Thrissur Corporation Electricity Department,₹ 1.65,₹ 1.65,Electricity Bill,TRUE,Fixed,
621,UDD Uttarakhand,₹ 0.99,₹ 2.51,Municipal Corporation,TRUE,Fixed,
629,Ficus Telecom Pvt Ltd,₹ 0.99,₹ 0.99,Broadband,TRUE,Fixed,
631,Indostar Capital Finance Limited - SME,₹ 2.75,₹ 2.75,EMI Payments,TRUE,Fixed,
633,Go Digit Insurance,₹ 2.40,₹ 5.17,Insurance,TRUE,Fixed,
184,Andhra Pradesh Traffic Police,₹ 1.10,₹ 1.10,Challan,FALSE,FIXED,
294,IOB FASTag,₹ 1.54,₹ 1.54,FASTag,TRUE,FIXED,
294,ICICI Bank,₹ 1.54,₹ 1.54,FASTag,TRUE,FIXED,
294,HDFC Bank,₹ 1.54,₹ 1.54,FASTag,TRUE,FIXED,
294,IDFC FIRST Bank - FasTag,₹ 1.54,₹ 1.54,FASTag,TRUE,FIXED,
294,Axis Bank,₹ 1.54,₹ 1.54,FASTag,TRUE,FIXED,
294,Kotak Mahindra Bank,₹ 1.54,₹ 1.54,FASTag,TRUE,FIXED,
294,Equitas FASTag Recharge,₹ 1.54,₹ 1.54,FASTag,TRUE,FIXED,
294,Paytm Payments Bank FASTag,₹ 1.54,₹ 1.54,FASTag,TRUE,FIXED,
294,Paul Merchants,₹ 1.54,₹ 1.54,FASTag,TRUE,FIXED,
294,Jammu and Kashmir Bank Fastag,₹ 1.54,₹ 1.54,FASTag,TRUE,FIXED,
294,Federal Bank - FASTag,₹ 1.54,₹ 1.54,FASTag,TRUE,FIXED,
294,IDBI Bank FASTag,₹ 1.54,₹ 1.54,FASTag,TRUE,FIXED,
294,UCO Bank FASTag,₹ 1.54,₹ 1.54,FASTag,TRUE,FIXED,
294,Transaction Analyst FASTag,₹ 1.54,₹ 1.54,FASTag,TRUE,FIXED,
497,MCGM Water Department,₹ 1.65,₹ 1.65,Water,TRUE,Fixed,
359,DCBS Loan,₹ 2.75,₹ 2.75,EMI Payments,TRUE,Fixed,
646,Reliance ARC,₹ 2.75,₹ 2.75,EMI Payments,TRUE,Fixed,
649,Finova Capital Private Ltd,₹ 2.75,₹ 2.75,EMI Payments,TRUE,Fixed,
592,Pahal Financial Services Pvt Ltd,₹ 2.75,₹ 2.75,EMI Payments,TRUE,Fixed,
594,MDFC Financiers Pvt Ltd,₹ 2.75,₹ 2.75,EMI Payments,TRUE,Fixed,
610,Vijayapura Water Board,₹ 1.65,₹ 1.65,Water,TRUE,Fixed,
598,Corporation of City Panaji,₹ 0.99,₹ 2.51,Municipal Corporation,TRUE,Fixed,
599,Margao Municipal Council,₹ 0.99,₹ 2.51,Municipal Corporation,TRUE,Fixed,
600,Mhapsa Municipal Council,₹ 0.99,₹ 2.51,Municipal Corporation,TRUE,Fixed,
601,Mormugao Municipal Council,₹ 0.99,₹ 2.51,Municipal Corporation,TRUE,Fixed,
602,Ponda Municipal Council,₹ 0.99,₹ 2.51,Municipal Corporation,TRUE,Fixed,
603,Sankhali Municipal council,₹ 0.99,₹ 2.51,Municipal Corporation,TRUE,Fixed,
604,Pernem Municipal council,₹ 0.99,₹ 2.51,Municipal Corporation,TRUE,Fixed,
605,Valpoi Municipal council,₹ 0.99,₹ 2.51,Municipal Corporation,TRUE,Fixed,
606,Quepem Municipal council,₹ 0.99,₹ 2.51,Municipal Corporation,TRUE,Fixed,
607,Bicholim Municipal council,₹ 0.99,₹ 2.51,Municipal Corporation,TRUE,Fixed,
608,Curchorem Cacora Municipal council,₹ 0.99,₹ 2.51,Municipal Corporation,TRUE,Fixed,
609,Sanguem Municipal council,₹ 0.99,₹ 2.51,Municipal Corporation,TRUE,Fixed,
610,Canacona Municipal council,₹ 0.99,₹ 2.51,Municipal Corporation,TRUE,Fixed,
611,Cuncolim Municipal council,₹ 0.99,₹ 2.51,Municipal Corporation,TRUE,Fixed,
619,Rupee Circle,₹ 2.75,₹ 2.75,EMI Payments,TRUE,Fixed,
623,Kerala Vision Broadband Pvt Ltd,₹ 0.99,₹ 0.99,Broadband,TRUE,Fixed,
5146,City Municipal Council –Ilkal,₹ 1.65,₹ 1.65,Water,TRUE,Fixed,
380,Equitas Small Finance Bank - Retail Loan,₹ 2.75,₹ 2.75,EMI Payments,TRUE,Fixed,
274,Fee Payment,₹ 2.40,₹ 2.40,Education,TRUE,Fixed,
650,DWAN Supports Private Ltd,₹ 0.99,₹ 0.99,Broadband,TRUE,Fixed,
350,Care India Finvest Limited,₹ 2.75,₹ 2.75,EMI Payments,TRUE,Fixed,
376,Electronica Finance Limited,₹ 2.75,₹ 2.75,EMI Payments,TRUE,Fixed,
653,Muthoot Homefin Limited,₹ 2.75,₹ 2.75,EMI Payments,TRUE,Fixed,
654,Spandana Rural And Urban Development Organisation,₹ 2.75,₹ 2.75,EMI Payments,TRUE,Fixed,
655,Suryoday Small Finance Bank,₹ 2.75,₹ 2.75,EMI Payments,TRUE,Fixed,
656,Limras Eronet,₹ 0.99,₹ 0.99,Broadband,TRUE,Fixed,
657,Linkio Fibernet,₹ 0.99,₹ 0.99,Broadband,TRUE,Fixed,
658,Moneywise Financial Services Private Limited,₹ 2.75,₹ 2.75,EMI Payments,TRUE,Fixed,
596,INDigital,₹ 0.99,₹ 0.99,Cable,TRUE,Fixed,
643,Central Power Distribution Corporation Ltd. of Andhra Pradesh (APCPDCL),₹ 1.65,₹ 1.65,Electricity Bill,TRUE,Fixed,
640,Money View,₹ 2.75,₹ 2.75,EMI Payments,TRUE,Fixed,
641,Kredit Bee,₹ 2.75,₹ 2.75,EMI Payments,TRUE,Fixed,
642,APEPDCL,₹ 1.65,₹ 1.65,Electricity Bill,FALSE,Fixed,
55,APSPDCL,₹ 1.65,₹ 1.65,Electricity Bill,FALSE,Fixed,
644,Southern Power Telangana,₹ 1.65,₹ 1.65,Electricity Bill,FALSE,Fixed,
647,Microsacn Infocommtech Pvt. Ltd.,₹ 0.99,₹ 0.99,Broadband,TRUE,Fixed,
659,NSB Networks Broadband,₹ 0.99,₹ 0.99,Broadband,TRUE,Fixed,
660,TIC FIBER,₹ 0.99,₹ 0.99,Broadband,TRUE,Fixed,
312,APAC Financial Services Pvt Ltd,₹ 2.75,₹ 2.75,EMI Payments,TRUE,Fixed,
662,NABFINS,₹ 2.75,₹ 2.75,EMI Payments,TRUE,Fixed,
374,Ekagrata Finance,₹ 2.75,₹ 2.75,EMI Payments,TRUE,Fixed,
664,Kings Broadband,₹ 0.99,₹ 0.99,Broadband,TRUE,Fixed,
666,Digiway Net,₹ 0.99,₹ 0.99,Broadband,TRUE,Fixed,
667,ICICI BANK - Interest Repayment Loans,₹ 2.75,₹ 2.75,EMI Payments,TRUE,Fixed,
345,Bussan Auto Finance India Pvt Ltd,₹ 2.75,₹ 2.75,EMI Payments,TRUE,Fixed,
294,Transcorp International Limited,₹ 1.54,₹ 1.54,FASTag,TRUE,FIXED,
673,Apple Fibernet,₹ 0.99,₹ 0.99,Broadband,TRUE,Fixed,
674,Pink Broadband,₹ 0.99,₹ 0.99,Broadband,TRUE,Fixed,
675,GTPL Hathway Limited,₹ 0.99,₹ 0.99,Cable,TRUE,Fixed,
676,TP Renewables Microgrid Ltd.,₹ 1.65,₹ 1.65,Electricity Bill,TRUE,Fixed,
677,Indian Oil Corporation Ltd-Piped Gas,₹ 1.65,₹ 1.65,Gas Bill,TRUE,Fixed,
678,Manipal Cigna Health Insurance,₹ 2.40,₹ 5.17,Insurance,TRUE,Fixed,
679,Fortune Credit Capital Limited,₹ 2.75,₹ 2.75,EMI Payments,TRUE,Fixed,
354,CNH Industrial Capital Pvt. Ltd.,₹ 2.75,₹ 2.75,EMI Payments,TRUE,Fixed,
365,Dev Finance,₹ 2.75,₹ 2.75,EMI Payments,TRUE,Fixed,
682,Muthoot Finance-Personal Loan,₹ 2.75,₹ 2.75,EMI Payments,TRUE,Fixed,
683,Shine Blue Hire Purchase Ltd.,₹ 2.75,₹ 2.75,EMI Payments,TRUE,Fixed,
684,Nagar Palika Palia Kalan,₹ 0.99,₹ 2.51,Municipal Corporation,TRUE,Fixed,
686,BSES Rajdhani Prepaid Meter Recharge,₹ 1.65,₹ 1.65,Electricity Bill,TRUE,Fixed,
687,BSES Yamuna Prepaid Meter Recharge,₹ 1.65,₹ 1.65,Electricity Bill,TRUE,Fixed,
691,STREE NIDHI - TELANGANA,₹ 2.75,₹ 2.75,EMI Payments,TRUE,Fixed,
692,Kanakadurga Finance Limited - Gold Loans,₹ 2.75,₹ 2.75,EMI Payments,TRUE,Fixed,
693,Star Health And Allied Insurance Company,₹ 2.40,₹ 5.17,Insurance,TRUE,Fixed,
294,Karnataka Bank Fastag,₹ 1.54,₹ 1.54,FASTag,TRUE,FIXED,
163,Southern Bihar Power,₹ 1.65,₹ 1.65,Electricity Bill,TRUE,Fixed,
81,North Bihar Power,₹ 1.65,₹ 1.65,Electricity Bill,TRUE,Fixed,
262,Delhi Jal Board,₹ 1.65,₹ 1.65,Water,TRUE,Fixed,
695,AirConnect,₹ 0.99,₹ 0.99,Broadband Recharge,TRUE,Fixed,
696,Shriram General Insurance - Quote Payment,₹ 2.40,₹ 5.17,Insurance,TRUE,Fixed,
697,Cholamandalam Investment and Finance Company Limited,₹ 2.75,₹ 2.75,EMI Payments,TRUE,Fixed,
698,Protium,₹ 2.75,₹ 2.75,EMI Payments,TRUE,Fixed,
699,Manappuram Finance Limited,₹ 2.75,₹ 2.75,EMI Payments,TRUE,Fixed,
700,Jejuri Nagarparishad,₹ 0.99,₹ 2.51,Municipal Corporation,TRUE,Fixed,
704,Jejuri Nagarparishad,₹ 1.65,₹ 1.65,Water,TRUE,Fixed,
705,"Public Works Department (PWD), Goa",₹ 1.65,₹ 1.65,Water,TRUE,Fixed,
706,One Broadband,₹ 0.99,₹ 0.99,Broadband Recharge,TRUE,Fixed,
707,R.Sen and Company Investment and Finance Pvt. Ltd.,₹ 2.75,₹ 2.75,EMI Payments,TRUE,Fixed,
708,UGRO Capital Limited,₹ 2.75,₹ 2.75,EMI Payments,TRUE,Fixed,
709,Directorate of Municipal Administration Karnataka,₹ 0.99,₹ 2.51,Municipal Corporation,TRUE,Fixed,
710,Mira Bhayander Municipal Corporation,₹ 0.99,₹ 2.51,Municipal Corporation,TRUE,Fixed,
711,We Pay Finance Pvt Ltd,₹ 2.75,₹ 2.75,EMI Payments,TRUE,Fixed,
713,Airnet Networks,₹ 0.99,₹ 0.99,Broadband Recharge,TRUE,Fixed,
714,Hi Reach Broadband,₹ 0.99,₹ 0.99,Broadband Recharge,TRUE,Fixed,
715,Deenet Services Private Limited,₹ 0.99,₹ 0.99,Broadband Recharge,TRUE,Fixed,
716,DVR Broadband Services,₹ 0.99,₹ 0.99,Broadband Recharge,TRUE,Fixed,
717,Spiderlink Networks Pvt Ltd,₹ 0.99,₹ 0.99,Broadband Recharge,TRUE,Fixed,
718,Intermedia Cable Communication Pvt Ltd,₹ 0.99,₹ 0.99,Cable,TRUE,Fixed,
719,Kolhapur Municipal corporation- Property tax,₹ 0.99,₹ 2.51,Municipal Corporation,TRUE,Fixed,
720,EZFINANZE,₹ 2.75,₹ 2.75,EMI Payments,TRUE,Fixed,
721,Deccan Finance Limited,₹ 2.75,₹ 2.75,EMI Payments,TRUE,Fixed,
722,Poonawalla Fincorp Ltd,₹ 2.75,₹ 2.75,EMI Payments,TRUE,Fixed,
723,Sri Vijayalaksmhi Digital Vision,₹ 0.99,₹ 0.99,Broadband,TRUE,Fixed,
294,State Bank of India FASTag,₹ 1.54,₹ 1.54,FASTag,TRUE,FIXED,
265,Chola Insurance,₹ 2.40,₹ 5.17,Insurance,TRUE,Fixed,
730,ICICI Lombard General Insurance Company Ltd.,₹ 2.40,₹ 5.17,Insurance,TRUE,Fixed,
731,"Nagar Palika Parishad Sitapur, UP",₹ 0.99,₹ 2.51,Municipal Corporation,TRUE,Fixed,
732,Udupi Fastnet,₹ 0.99,₹ 0.99,Broadband Recharge,TRUE,Fixed,
733,Reisnet Broadband Pvt ltd,₹ 0.99,₹ 0.99,Broadband Recharge,TRUE,Fixed,
734,Weebo NetworksPt,₹ 0.99,₹ 0.99,Broadband Recharge,TRUE,Fixed,
735,Pioneer Elabs Limited,₹ 0.99,₹ 0.99,Broadband Recharge,TRUE,Fixed,
736,TSK Giga Fibber,₹ 0.99,₹ 0.99,Broadband Recharge,TRUE,Fixed,
737,Lotus Broadband,₹ 0.99,₹ 0.99,Broadband Recharge,TRUE,Fixed,
738,Quest Consultancy,₹ 0.99,₹ 0.99,Broadband Recharge,TRUE,Fixed,
740,Punjab National Bank,₹ 2.75,₹ 2.75,EMI Payments,TRUE,Fixed,
741,LoanBaba,₹ 2.75,₹ 2.75,EMI Payments,TRUE,Fixed,
742,Ashv Finance,₹ 2.75,₹ 2.75,EMI Payments,TRUE,Fixed,
743,Unity Small Finance Bank,₹ 2.75,₹ 2.75,EMI Payments,TRUE,Fixed,
744,Lord Krishna Financial Services,₹ 2.75,₹ 2.75,EMI Payments,TRUE,Fixed,
745,Vastu Finserve India Private Limited,₹ 2.75,₹ 2.75,EMI Payments,TRUE,Fixed,
746,Raipur Municipal Corporation,₹ 0.99,₹ 2.51,Municipal Corporation,TRUE,Fixed,
751,Shimla Jal Prabandhan,₹ 1.65,₹ 1.65,Water,TRUE,Fixed,
752,Cloudsky Superfast Broadband & Services Pvt Ltd,₹ 0.99,₹ 0.99,Broadband Recharge,TRUE,Fixed,
753,Spidernet Broadband,₹ 0.99,₹ 0.99,Broadband Recharge,TRUE,Fixed,
754,GBPS Networks Pvt Ltd,₹ 0.99,₹ 0.99,Broadband Recharge,TRUE,Fixed,
755,Ethernet Xpress,₹ 0.99,₹ 0.99,Broadband Recharge,TRUE,Fixed,
756,Deshkal Networks,₹ 0.99,₹ 0.99,Broadband Recharge,TRUE,Fixed,
757,Skyway Telecom Services,₹ 0.99,₹ 0.99,Broadband Recharge,TRUE,Fixed,
758,Jiffy Cable & Datacom Pvt Ltd,₹ 0.99,₹ 0.99,Broadband Recharge,TRUE,Fixed,
759,Cherrinet,₹ 0.99,₹ 0.99,Broadband Recharge,TRUE,Fixed,
760,Credit One Payments Solutions Pvt Ltd,₹ 2.75,₹ 2.75,Broadband Recharge,TRUE,Fixed,
761,Kusalava Finance Limited,₹ 2.75,₹ 2.75,Broadband Recharge,TRUE,Fixed,
762,Purba Bharati Gas Pvt Ltd,₹ 1.65,₹ 1.65,Gas Bill,TRUE,Fixed,
764,Monedo Financial Services Pvt Ltd,₹ 2.75,₹ 2.75,EMI Payments,TRUE,Fixed,
765,Shine Broadband,₹ 0.99,₹ 0.99,Broadband Recharge,TRUE,Fixed,
766,SCCNET,₹ 0.99,₹ 0.99,Broadband Recharge,TRUE,Fixed,
767,ANI Network Pvt Ltd,₹ 0.99,₹ 0.99,Broadband Recharge,TRUE,Fixed,
768,B Fibernet,₹ 0.99,₹ 0.99,Broadband Recharge,TRUE,Fixed,
769,Super Sonic Broadband Private Limited,₹ 0.99,₹ 0.99,Broadband Recharge,TRUE,Fixed,
770,Dhansansar Nidhi Limited,₹ 2.75,₹ 2.75,EMI Payments,TRUE,Fixed,
771,Fortune Integrated Assets Finance Ltd,₹ 2.75,₹ 2.75,EMI Payments,TRUE,Fixed,
772,Muthoot Money - Gold Loan,₹ 2.75,₹ 2.75,EMI Payments,TRUE,Fixed,
773,Swara Finance Limited,₹ 2.75,₹ 2.75,EMI Payments,TRUE,Fixed,
774,Spurt Electric Limited,₹ 1.65,₹ 1.65,Electricity Bill,TRUE,Fixed,
775,Correl Internet,₹ 0.99,₹ 0.99,Broadband Recharge,TRUE,Fixed,
776,Amrit Malwa Capital Limited,₹ 2.75,₹ 2.75,EMI Payments,TRUE,Fixed,
777,ESAF Small Finance Bank (Retails Loans),₹ 2.75,₹ 2.75,EMI Payments,TRUE,Fixed,
778,DNHPDCL - DADRA & NAGAR HAVELI,₹ 1.65,₹ 1.65,Electricity Bill,TRUE,Fixed,
779,Paschimachal Vidyut Vitran Nigam Limited,₹ 1.65,₹ 1.65,Electricity Bill,TRUE,Fixed,
780,Capital India Home Loans Limited,₹ 2.75,₹ 2.75,EMI Payments,TRUE,Fixed,
781,Infinet,₹ 0.99,₹ 0.99,Broadband Recharge,TRUE,Fixed,
782,Unnayan Bharat Finance Corporation Private Limited,₹ 2.75,₹ 2.75,EMI Payments,TRUE,Fixed,
788,"TJ Broadband Network Pvt Ltd""",₹ 0.99,₹ 0.99,Broadband Recharge,TRUE,Fixed,
789,Eway FiberNet,₹ 0.99,₹ 0.99,Broadband Recharge,TRUE,Fixed,
790,SILIGURI JALPAIGURI DEVELOPMENT AUTHORITY,₹ 0.99,₹ 2.51,Municipal Corporation,TRUE,Fixed,
791,Power and Electricity Department - Mizoram,₹ 1.65,₹ 1.65,Electricity Bill,TRUE,Fixed,
792,Edelweiss Tokio Life Insurance Company Limited,₹ 2.40,₹ 5.17,Insurance,TRUE,Fixed,
793,ARTH,₹ 2.75,₹ 2.75,EMI Payments,TRUE,Fixed,
794,Ramaiah Capital Pvt Ltd,₹ 2.75,₹ 2.75,EMI Payments,TRUE,Fixed,
796,FABNET,₹ 0.99,₹ 0.99,Broadband,TRUE,Fixed,
797,Satellite Cable Communication,₹ 0.99,₹ 0.99,Cable,TRUE,Fixed,
798,Ajmer Nagar Nigam,₹ 0.99,₹ 2.51,Municipal Corporation,TRUE,Fixed,
799,MS Broadband,₹ 0.99,₹ 0.99,Broadband Recharge,TRUE,Fixed,
800,Balaji Broadband,₹ 0.99,₹ 0.99,Broadband Recharge,TRUE,Fixed,
801,Speednet Unique Network,₹ 0.99,₹ 0.99,Broadband Recharge,TRUE,Fixed,
802,Manas Broadband,₹ 0.99,₹ 0.99,Broadband Recharge,TRUE,Fixed,
803,DHL Fibernet,₹ 0.99,₹ 0.99,Broadband Recharge,TRUE,Fixed,
804,SS INTERNET,₹ 0.99,₹ 0.99,Broadband Recharge,TRUE,Fixed,
805,Ufibernet,₹ 0.99,₹ 0.99,Broadband Recharge,TRUE,Fixed,
806,Hinduja Housing Finance Limited,₹ 2.75,₹ 2.75,EMI Payments,TRUE,Fixed,
807,Samasta MFI - Retail Loans,₹ 2.75,₹ 2.75,EMI Payments,TRUE,Fixed,
808,SBFC Finance Private Limited,₹ 2.75,₹ 2.75,EMI Payments,TRUE,Fixed,
809,Poonawalla Fincorp Ltd,₹ 2.75,₹ 2.75,EMI Payments,TRUE,Fixed,
810,Sonata Finance,₹ 2.75,₹ 2.75,EMI Payments,TRUE,Fixed,
811,Agriwise Finserv Limited,₹ 2.75,₹ 2.75,EMI Payments,TRUE,Fixed,
815,I Net Broadband,₹ 0.99,₹ 0.99,Broadband Recharge,TRUE,Fixed,
816,Meghlink,₹ 0.99,₹ 0.99,Broadband Recharge,TRUE,Fixed,
817,PeerCast,₹ 0.99,₹ 0.99,Broadband Recharge,TRUE,Fixed,
294,Bank of Maharashtra FASTag,₹ 1.54,₹ 1.54,FASTag,TRUE,FIXED,
294,South Indian Bank Fastag,₹ 1.54,₹ 1.54,FASTag,TRUE,FIXED,
294,Saraswat Bank - FASTag,₹ 1.54,₹ 1.54,FASTag,TRUE,FIXED,
818,Rajasthan State Gas Limited,₹ 1.65,₹ 1.65,Gas Bill,TRUE,Fixed,
819,Union Bank of India-Loans,₹ 2.75,₹ 2.75,EMI Payments,TRUE,Fixed,
820,Five Star Business Finance,₹ 2.75,₹ 2.75,EMI Payments,TRUE,Fixed,
821,State Urban Development Agency Jharkhand,₹ 0.99,₹ 2.51,Municipal Corporation,TRUE,Fixed,
822,Thane Municipal Corporation Property Tax,₹ 0.99,₹ 2.51,Municipal Corporation,TRUE,Fixed,
823,Talegaon Dabhade Nagar Parishad - Municipal Taxes and Services Payments,₹ 0.99,₹ 2.51,Municipal Corporation,TRUE,Fixed,
824,Thane Municipal Corporation Water Tax,₹ 1.65,₹ 1.65,Water,TRUE,Fixed,
825,Talegaon Dabhade Nagar Parishad - Water Payments,₹ 1.65,₹ 1.65,Water,TRUE,Fixed,
826,Municipal Corporation Bhopal,₹ 0.99,₹ 2.51,Municipal Corporation,TRUE,Fixed,
827,Saraswat Bank - Loan Repayment,₹ 2.75,₹ 2.75,EMI Payments,TRUE,Fixed,
828,TATA PLAY FIBER,₹ 0.99,₹ 0.99,Broadband,TRUE,Fixed,
294,Indian Bank Fastag,₹ 1.54,₹ 1.54,FASTag,TRUE,FIXED,
829,TP Southen Odisha Distribution Ltd-Smart Prepaid Meter Recharge,₹ 1.65,₹ 1.65,Electricity Bill,TRUE,Fixed,
830,EMGEE MUTHOOT NIDHI LTD,₹ 2.75,₹ 2.75,EMI Payments,TRUE,Fixed,
831,GEO BROS MUTHOOT NIDHI LTD,₹ 2.75,₹ 2.75,EMI Payments,TRUE,Fixed,
832,Sangli Media Communication,₹ 0.99,₹ 0.99,Cable,TRUE,Fixed,